Arbust;Red Butterfly Root;434.0;6
Arbust;Upow Flower;161.0;13
Arbust;Slony Nut;119.0;7
Arbust;Bird Flower;384.0;8
Arbust;Black Dragon Nut;368.0;8
Arbust;Pig Lace;221.0;13
Arbust;Butterfly Skull;379.0;7
Arbust;Queen's Staff;237.0;7
Arbust;Morning Leaf;237.0;12
Arbust;Slory Weed;409.0;7
Arbust;Yellow Cow Spur;63.0;6
Arbust;Purple Foot;162.0;14
Arbust;Silver Knife;225.0;5
Arbust;Ground Claw;219.0;13
Arbust;Gold Spoon Wood;370.0;9
Arbust;White Snout;402.0;10
Arbust;Blood Throw;314.0;13
Arbust;Black Blossom;30.0;6
Arbust;Silver Bull Brush;361.0;11
Arbust;Blue Bell;370.0;5
Arbust;Lady's Button;207.0;13
Arbust;Crow Fork;415.0;14
Arbust;White Pig Cup;412.0;9
Arbust;Red Snout Brush;55.0;5
Arbust;Pig Spoon;275.0;11
Arbust;Gold Lace;255.0;7
Arbust;Duck's Wort;73.0;15
Arbust;Oblosla;332.0;11
Arbust;Blue Knooffory;256.0;5
Arbust;White Oadirter;372.0;6
Arbust;Thorny Snout;91.0;13
Arbust;Queen's Oapodge;221.0;13
Arbust;Silver Eye;445.0;11
Arbust;White Cow Tail;413.0;5
Arbust;Red Cup;377.0;10
Arbust;Telst;323.0;6
Arbust;Bird's Rose;156.0;15
Arbust;Butter Oandanth;305.0;6
Arbust;Toad Crown;104.0;13
Arbust;Sorcerer's Ordanth;281.0;14
Arbust;Dragon Brush;182.0;7
Arbust;Bull Nut;266.0;12
Arbust;Yellow Nore;62.0;11
Arbust;Lady's Eye;353.0;10
Arbust;Hare Crown;395.0;11
Arbust;Pink Vow;200.0;8
Arbust;Meadow Berry;317.0;6
Arbust;Earnelst;219.0;15
Arbust;Uprer Rose;100.0;6
Arbust;Clond;140.0;5
Arbre;Arborvitae;250.0;1;1.0;313;313.0;10;10.0;520;520.0;39;0.0;0;0.0;0;0.0;0;0.0;0;0.0;0;0.0;0;0.0;0;0.0;0;0.0;0;0.0;0;0.0;0;0.0;0;0.0;0;0.0;0;0.0;0;0.0;0;0.0;0;0.0;0;0.0;0;0.0;0;0.0;0;0.0;0;0.0;0;0.0;0;0.0;0;0.0;0;0.0;0;0.0;0;0.0;0;0.0;0;0.0;0;0.0;0;0.0;0;0.0;0;0.0;0;0.0;0;0.0;0;0.0;0;0.0;0;0.0;0;0.0;0;0.0;0;0.0;0;0.0;0;0.0;0;0.0;0;0.0;0;0.0;0;0.0;0;0.0;0;0.0;0;0.0;0;0.0;0;0.0;0;0.0;0;0.0;0;0.0;0;0.0;0;0.0;0;0.0;0;0.0;0;0.0;0;0.0;0;0.0;0;0.0;0;0.0;0;0.0;0;0.0;0;0.0;0;0.0;0;0.0;0;0.0;0;0.0;0;0.0;0;0.0;0;0.0;0;0.0;0;0.0;0;0.0;0;0.0;0;0.0;0;0.0;0;0.0;0;0.0;0;0.0;0;0.0;0;0.0;0;0.0;0;0.0;0;0.0;0;0.0;0;0.0;0;0.0;0;0.0;0;0.0;0;
Arbre;Black Ash;256.0;5;5.0;485;485.0;10;10.0;504;504.0;34;0.0;0;0.0;0;0.0;0;0.0;0;0.0;0;0.0;0;0.0;0;0.0;0;0.0;0;0.0;0;0.0;0;0.0;0;0.0;0;0.0;0;0.0;0;0.0;0;0.0;0;0.0;0;0.0;0;0.0;0;0.0;0;0.0;0;0.0;0;0.0;0;0.0;0;0.0;0;0.0;0;0.0;0;0.0;0;0.0;0;0.0;0;0.0;0;0.0;0;0.0;0;0.0;0;0.0;0;0.0;0;0.0;0;0.0;0;0.0;0;0.0;0;0.0;0;0.0;0;0.0;0;0.0;0;0.0;0;0.0;0;0.0;0;0.0;0;0.0;0;0.0;0;0.0;0;0.0;0;0.0;0;0.0;0;0.0;0;0.0;0;0.0;0;0.0;0;0.0;0;0.0;0;0.0;0;0.0;0;0.0;0;0.0;0;0.0;0;0.0;0;0.0;0;0.0;0;0.0;0;0.0;0;0.0;0;0.0;0;0.0;0;0.0;0;0.0;0;0.0;0;0.0;0;0.0;0;0.0;0;0.0;0;0.0;0;0.0;0;0.0;0;0.0;0;0.0;0;0.0;0;0.0;0;0.0;0;0.0;0;0.0;0;0.0;0;0.0;0;0.0;0;0.0;0;
Arbre;White Ash ;175.0;2;2.0;345;345.0;20;20.0;540;540.0;38;0.0;0;0.0;0;0.0;0;0.0;0;0.0;0;0.0;0;0.0;0;0.0;0;0.0;0;0.0;0;0.0;0;0.0;0;0.0;0;0.0;0;0.0;0;0.0;0;0.0;0;0.0;0;0.0;0;0.0;0;0.0;0;0.0;0;0.0;0;0.0;0;0.0;0;0.0;0;0.0;0;0.0;0;0.0;0;0.0;0;0.0;0;0.0;0;0.0;0;0.0;0;0.0;0;0.0;0;0.0;0;0.0;0;0.0;0;0.0;0;0.0;0;0.0;0;0.0;0;0.0;0;0.0;0;0.0;0;0.0;0;0.0;0;0.0;0;0.0;0;0.0;0;0.0;0;0.0;0;0.0;0;0.0;0;0.0;0;0.0;0;0.0;0;0.0;0;0.0;0;0.0;0;0.0;0;0.0;0;0.0;0;0.0;0;0.0;0;0.0;0;0.0;0;0.0;0;0.0;0;0.0;0;0.0;0;0.0;0;0.0;0;0.0;0;0.0;0;0.0;0;0.0;0;0.0;0;0.0;0;0.0;0;0.0;0;0.0;0;0.0;0;0.0;0;0.0;0;0.0;0;0.0;0;0.0;0;0.0;0;0.0;0;0.0;0;0.0;0;0.0;0;0.0;0;
Arbre;Bigtooth Aspen;138.0;1;1.0;432;432.0;10;10.0;523;523.0;37;0.0;0;0.0;0;0.0;0;0.0;0;0.0;0;0.0;0;0.0;0;0.0;0;0.0;0;0.0;0;0.0;0;0.0;0;0.0;0;0.0;0;0.0;0;0.0;0;0.0;0;0.0;0;0.0;0;0.0;0;0.0;0;0.0;0;0.0;0;0.0;0;0.0;0;0.0;0;0.0;0;0.0;0;0.0;0;0.0;0;0.0;0;0.0;0;0.0;0;0.0;0;0.0;0;0.0;0;0.0;0;0.0;0;0.0;0;0.0;0;0.0;0;0.0;0;0.0;0;0.0;0;0.0;0;0.0;0;0.0;0;0.0;0;0.0;0;0.0;0;0.0;0;0.0;0;0.0;0;0.0;0;0.0;0;0.0;0;0.0;0;0.0;0;0.0;0;0.0;0;0.0;0;0.0;0;0.0;0;0.0;0;0.0;0;0.0;0;0.0;0;0.0;0;0.0;0;0.0;0;0.0;0;0.0;0;0.0;0;0.0;0;0.0;0;0.0;0;0.0;0;0.0;0;0.0;0;0.0;0;0.0;0;0.0;0;0.0;0;0.0;0;0.0;0;0.0;0;0.0;0;0.0;0;0.0;0;0.0;0;0.0;0;0.0;0;0.0;0;0.0;0;0.0;0;
Arbre;Quaking Aspen;151.0;0;0.0;478;478.0;13;13.0;531;531.0;34;0.0;0;0.0;0;0.0;0;0.0;0;0.0;0;0.0;0;0.0;0;0.0;0;0.0;0;0.0;0;0.0;0;0.0;0;0.0;0;0.0;0;0.0;0;0.0;0;0.0;0;0.0;0;0.0;0;0.0;0;0.0;0;0.0;0;0.0;0;0.0;0;0.0;0;0.0;0;0.0;0;0.0;0;0.0;0;0.0;0;0.0;0;0.0;0;0.0;0;0.0;0;0.0;0;0.0;0;0.0;0;0.0;0;0.0;0;0.0;0;0.0;0;0.0;0;0.0;0;0.0;0;0.0;0;0.0;0;0.0;0;0.0;0;0.0;0;0.0;0;0.0;0;0.0;0;0.0;0;0.0;0;0.0;0;0.0;0;0.0;0;0.0;0;0.0;0;0.0;0;0.0;0;0.0;0;0.0;0;0.0;0;0.0;0;0.0;0;0.0;0;0.0;0;0.0;0;0.0;0;0.0;0;0.0;0;0.0;0;0.0;0;0.0;0;0.0;0;0.0;0;0.0;0;0.0;0;0.0;0;0.0;0;0.0;0;0.0;0;0.0;0;0.0;0;0.0;0;0.0;0;0.0;0;0.0;0;0.0;0;0.0;0;0.0;0;0.0;0;0.0;0;0.0;0;
Arbre;Basswood;294.0;0;0.0;386;386.0;14;14.0;521;521.0;26;0.0;0;0.0;0;0.0;0;0.0;0;0.0;0;0.0;0;0.0;0;0.0;0;0.0;0;0.0;0;0.0;0;0.0;0;0.0;0;0.0;0;0.0;0;0.0;0;0.0;0;0.0;0;0.0;0;0.0;0;0.0;0;0.0;0;0.0;0;0.0;0;0.0;0;0.0;0;0.0;0;0.0;0;0.0;0;0.0;0;0.0;0;0.0;0;0.0;0;0.0;0;0.0;0;0.0;0;0.0;0;0.0;0;0.0;0;0.0;0;0.0;0;0.0;0;0.0;0;0.0;0;0.0;0;0.0;0;0.0;0;0.0;0;0.0;0;0.0;0;0.0;0;0.0;0;0.0;0;0.0;0;0.0;0;0.0;0;0.0;0;0.0;0;0.0;0;0.0;0;0.0;0;0.0;0;0.0;0;0.0;0;0.0;0;0.0;0;0.0;0;0.0;0;0.0;0;0.0;0;0.0;0;0.0;0;0.0;0;0.0;0;0.0;0;0.0;0;0.0;0;0.0;0;0.0;0;0.0;0;0.0;0;0.0;0;0.0;0;0.0;0;0.0;0;0.0;0;0.0;0;0.0;0;0.0;0;0.0;0;0.0;0;0.0;0;0.0;0;0.0;0;0.0;0;
Arbre;American Beech;222.0;4;4.0;387;387.0;19;19.0;517;517.0;35;0.0;0;0.0;0;0.0;0;0.0;0;0.0;0;0.0;0;0.0;0;0.0;0;0.0;0;0.0;0;0.0;0;0.0;0;0.0;0;0.0;0;0.0;0;0.0;0;0.0;0;0.0;0;0.0;0;0.0;0;0.0;0;0.0;0;0.0;0;0.0;0;0.0;0;0.0;0;0.0;0;0.0;0;0.0;0;0.0;0;0.0;0;0.0;0;0.0;0;0.0;0;0.0;0;0.0;0;0.0;0;0.0;0;0.0;0;0.0;0;0.0;0;0.0;0;0.0;0;0.0;0;0.0;0;0.0;0;0.0;0;0.0;0;0.0;0;0.0;0;0.0;0;0.0;0;0.0;0;0.0;0;0.0;0;0.0;0;0.0;0;0.0;0;0.0;0;0.0;0;0.0;0;0.0;0;0.0;0;0.0;0;0.0;0;0.0;0;0.0;0;0.0;0;0.0;0;0.0;0;0.0;0;0.0;0;0.0;0;0.0;0;0.0;0;0.0;0;0.0;0;0.0;0;0.0;0;0.0;0;0.0;0;0.0;0;0.0;0;0.0;0;0.0;0;0.0;0;0.0;0;0.0;0;0.0;0;0.0;0;0.0;0;0.0;0;0.0;0;0.0;0;0.0;0;
Arbre;Black Birch;263.0;3;3.0;467;467.0;11;11.0;528;528.0;36;0.0;0;0.0;0;0.0;0;0.0;0;0.0;0;0.0;0;0.0;0;0.0;0;0.0;0;0.0;0;0.0;0;0.0;0;0.0;0;0.0;0;0.0;0;0.0;0;0.0;0;0.0;0;0.0;0;0.0;0;0.0;0;0.0;0;0.0;0;0.0;0;0.0;0;0.0;0;0.0;0;0.0;0;0.0;0;0.0;0;0.0;0;0.0;0;0.0;0;0.0;0;0.0;0;0.0;0;0.0;0;0.0;0;0.0;0;0.0;0;0.0;0;0.0;0;0.0;0;0.0;0;0.0;0;0.0;0;0.0;0;0.0;0;0.0;0;0.0;0;0.0;0;0.0;0;0.0;0;0.0;0;0.0;0;0.0;0;0.0;0;0.0;0;0.0;0;0.0;0;0.0;0;0.0;0;0.0;0;0.0;0;0.0;0;0.0;0;0.0;0;0.0;0;0.0;0;0.0;0;0.0;0;0.0;0;0.0;0;0.0;0;0.0;0;0.0;0;0.0;0;0.0;0;0.0;0;0.0;0;0.0;0;0.0;0;0.0;0;0.0;0;0.0;0;0.0;0;0.0;0;0.0;0;0.0;0;0.0;0;0.0;0;0.0;0;0.0;0;0.0;0;0.0;0;
Arbre;Gray Birch;169.0;1;1.0;409;409.0;12;12.0;530;530.0;30;0.0;0;0.0;0;0.0;0;0.0;0;0.0;0;0.0;0;0.0;0;0.0;0;0.0;0;0.0;0;0.0;0;0.0;0;0.0;0;0.0;0;0.0;0;0.0;0;0.0;0;0.0;0;0.0;0;0.0;0;0.0;0;0.0;0;0.0;0;0.0;0;0.0;0;0.0;0;0.0;0;0.0;0;0.0;0;0.0;0;0.0;0;0.0;0;0.0;0;0.0;0;0.0;0;0.0;0;0.0;0;0.0;0;0.0;0;0.0;0;0.0;0;0.0;0;0.0;0;0.0;0;0.0;0;0.0;0;0.0;0;0.0;0;0.0;0;0.0;0;0.0;0;0.0;0;0.0;0;0.0;0;0.0;0;0.0;0;0.0;0;0.0;0;0.0;0;0.0;0;0.0;0;0.0;0;0.0;0;0.0;0;0.0;0;0.0;0;0.0;0;0.0;0;0.0;0;0.0;0;0.0;0;0.0;0;0.0;0;0.0;0;0.0;0;0.0;0;0.0;0;0.0;0;0.0;0;0.0;0;0.0;0;0.0;0;0.0;0;0.0;0;0.0;0;0.0;0;0.0;0;0.0;0;0.0;0;0.0;0;0.0;0;0.0;0;0.0;0;0.0;0;0.0;0;
Arbre;Paper Birch;262.0;5;5.0;390;390.0;10;10.0;531;531.0;26;0.0;0;0.0;0;0.0;0;0.0;0;0.0;0;0.0;0;0.0;0;0.0;0;0.0;0;0.0;0;0.0;0;0.0;0;0.0;0;0.0;0;0.0;0;0.0;0;0.0;0;0.0;0;0.0;0;0.0;0;0.0;0;0.0;0;0.0;0;0.0;0;0.0;0;0.0;0;0.0;0;0.0;0;0.0;0;0.0;0;0.0;0;0.0;0;0.0;0;0.0;0;0.0;0;0.0;0;0.0;0;0.0;0;0.0;0;0.0;0;0.0;0;0.0;0;0.0;0;0.0;0;0.0;0;0.0;0;0.0;0;0.0;0;0.0;0;0.0;0;0.0;0;0.0;0;0.0;0;0.0;0;0.0;0;0.0;0;0.0;0;0.0;0;0.0;0;0.0;0;0.0;0;0.0;0;0.0;0;0.0;0;0.0;0;0.0;0;0.0;0;0.0;0;0.0;0;0.0;0;0.0;0;0.0;0;0.0;0;0.0;0;0.0;0;0.0;0;0.0;0;0.0;0;0.0;0;0.0;0;0.0;0;0.0;0;0.0;0;0.0;0;0.0;0;0.0;0;0.0;0;0.0;0;0.0;0;0.0;0;0.0;0;0.0;0;0.0;0;0.0;0;0.0;0;
Arbre;Yellow Birch;298.0;5;5.0;350;350.0;18;18.0;550;550.0;37;0.0;0;0.0;0;0.0;0;0.0;0;0.0;0;0.0;0;0.0;0;0.0;0;0.0;0;0.0;0;0.0;0;0.0;0;0.0;0;0.0;0;0.0;0;0.0;0;0.0;0;0.0;0;0.0;0;0.0;0;0.0;0;0.0;0;0.0;0;0.0;0;0.0;0;0.0;0;0.0;0;0.0;0;0.0;0;0.0;0;0.0;0;0.0;0;0.0;0;0.0;0;0.0;0;0.0;0;0.0;0;0.0;0;0.0;0;0.0;0;0.0;0;0.0;0;0.0;0;0.0;0;0.0;0;0.0;0;0.0;0;0.0;0;0.0;0;0.0;0;0.0;0;0.0;0;0.0;0;0.0;0;0.0;0;0.0;0;0.0;0;0.0;0;0.0;0;0.0;0;0.0;0;0.0;0;0.0;0;0.0;0;0.0;0;0.0;0;0.0;0;0.0;0;0.0;0;0.0;0;0.0;0;0.0;0;0.0;0;0.0;0;0.0;0;0.0;0;0.0;0;0.0;0;0.0;0;0.0;0;0.0;0;0.0;0;0.0;0;0.0;0;0.0;0;0.0;0;0.0;0;0.0;0;0.0;0;0.0;0;0.0;0;0.0;0;0.0;0;0.0;0;0.0;0;
Arbre;Butternut;74.0;2;2.0;334;334.0;15;15.0;538;538.0;34;0.0;0;0.0;0;0.0;0;0.0;0;0.0;0;0.0;0;0.0;0;0.0;0;0.0;0;0.0;0;0.0;0;0.0;0;0.0;0;0.0;0;0.0;0;0.0;0;0.0;0;0.0;0;0.0;0;0.0;0;0.0;0;0.0;0;0.0;0;0.0;0;0.0;0;0.0;0;0.0;0;0.0;0;0.0;0;0.0;0;0.0;0;0.0;0;0.0;0;0.0;0;0.0;0;0.0;0;0.0;0;0.0;0;0.0;0;0.0;0;0.0;0;0.0;0;0.0;0;0.0;0;0.0;0;0.0;0;0.0;0;0.0;0;0.0;0;0.0;0;0.0;0;0.0;0;0.0;0;0.0;0;0.0;0;0.0;0;0.0;0;0.0;0;0.0;0;0.0;0;0.0;0;0.0;0;0.0;0;0.0;0;0.0;0;0.0;0;0.0;0;0.0;0;0.0;0;0.0;0;0.0;0;0.0;0;0.0;0;0.0;0;0.0;0;0.0;0;0.0;0;0.0;0;0.0;0;0.0;0;0.0;0;0.0;0;0.0;0;0.0;0;0.0;0;0.0;0;0.0;0;0.0;0;0.0;0;0.0;0;0.0;0;0.0;0;0.0;0;0.0;0;0.0;0;
Arbre;Black Cherry;61.0;0;0.0;331;331.0;18;18.0;519;0.0;0;0.0;0;0.0;0;0.0;0;0.0;0;0.0;0;0.0;0;0.0;0;0.0;0;0.0;0;0.0;0;0.0;0;0.0;0;0.0;0;0.0;0;0.0;0;0.0;0;0.0;0;0.0;0;0.0;0;0.0;0;0.0;0;0.0;0;0.0;0;0.0;0;0.0;0;0.0;0;0.0;0;0.0;0;0.0;0;0.0;0;0.0;0;0.0;0;0.0;0;0.0;0;0.0;0;0.0;0;0.0;0;0.0;0;0.0;0;0.0;0;0.0;0;0.0;0;0.0;0;0.0;0;0.0;0;0.0;0;0.0;0;0.0;0;0.0;0;0.0;0;0.0;0;0.0;0;0.0;0;0.0;0;0.0;0;0.0;0;0.0;0;0.0;0;0.0;0;0.0;0;0.0;0;0.0;0;0.0;0;0.0;0;0.0;0;0.0;0;0.0;0;0.0;0;0.0;0;0.0;0;0.0;0;0.0;0;0.0;0;0.0;0;0.0;0;0.0;0;0.0;0;0.0;0;0.0;0;0.0;0;0.0;0;0.0;0;0.0;0;0.0;0;0.0;0;0.0;0;0.0;0;0.0;0;0.0;0;0.0;0;0.0;0;0.0;0;0.0;0;0.0;0;0.0;0;
Arbre;Pin Cherry;273.0;0;0.0;325;325.0;15;15.0;514;0.0;0;0.0;0;0.0;0;0.0;0;0.0;0;0.0;0;0.0;0;0.0;0;0.0;0;0.0;0;0.0;0;0.0;0;0.0;0;0.0;0;0.0;0;0.0;0;0.0;0;0.0;0;0.0;0;0.0;0;0.0;0;0.0;0;0.0;0;0.0;0;0.0;0;0.0;0;0.0;0;0.0;0;0.0;0;0.0;0;0.0;0;0.0;0;0.0;0;0.0;0;0.0;0;0.0;0;0.0;0;0.0;0;0.0;0;0.0;0;0.0;0;0.0;0;0.0;0;0.0;0;0.0;0;0.0;0;0.0;0;0.0;0;0.0;0;0.0;0;0.0;0;0.0;0;0.0;0;0.0;0;0.0;0;0.0;0;0.0;0;0.0;0;0.0;0;0.0;0;0.0;0;0.0;0;0.0;0;0.0;0;0.0;0;0.0;0;0.0;0;0.0;0;0.0;0;0.0;0;0.0;0;0.0;0;0.0;0;0.0;0;0.0;0;0.0;0;0.0;0;0.0;0;0.0;0;0.0;0;0.0;0;0.0;0;0.0;0;0.0;0;0.0;0;0.0;0;0.0;0;0.0;0;0.0;0;0.0;0;0.0;0;0.0;0;0.0;0;0.0;0;0.0;0;0.0;0;
Arbre;American Chestnut;223.0;5;5.0;318;318.0;10;10.0;510;0.0;0;0.0;0;0.0;0;0.0;0;0.0;0;0.0;0;0.0;0;0.0;0;0.0;0;0.0;0;0.0;0;0.0;0;0.0;0;0.0;0;0.0;0;0.0;0;0.0;0;0.0;0;0.0;0;0.0;0;0.0;0;0.0;0;0.0;0;0.0;0;0.0;0;0.0;0;0.0;0;0.0;0;0.0;0;0.0;0;0.0;0;0.0;0;0.0;0;0.0;0;0.0;0;0.0;0;0.0;0;0.0;0;0.0;0;0.0;0;0.0;0;0.0;0;0.0;0;0.0;0;0.0;0;0.0;0;0.0;0;0.0;0;0.0;0;0.0;0;0.0;0;0.0;0;0.0;0;0.0;0;0.0;0;0.0;0;0.0;0;0.0;0;0.0;0;0.0;0;0.0;0;0.0;0;0.0;0;0.0;0;0.0;0;0.0;0;0.0;0;0.0;0;0.0;0;0.0;0;0.0;0;0.0;0;0.0;0;0.0;0;0.0;0;0.0;0;0.0;0;0.0;0;0.0;0;0.0;0;0.0;0;0.0;0;0.0;0;0.0;0;0.0;0;0.0;0;0.0;0;0.0;0;0.0;0;0.0;0;0.0;0;0.0;0;0.0;0;0.0;0;0.0;0;0.0;0;
Arbre;Eastern Cottonwood;259.0;1;1.0;447;447.0;20;20.0;500;0.0;0;0.0;0;0.0;0;0.0;0;0.0;0;0.0;0;0.0;0;0.0;0;0.0;0;0.0;0;0.0;0;0.0;0;0.0;0;0.0;0;0.0;0;0.0;0;0.0;0;0.0;0;0.0;0;0.0;0;0.0;0;0.0;0;0.0;0;0.0;0;0.0;0;0.0;0;0.0;0;0.0;0;0.0;0;0.0;0;0.0;0;0.0;0;0.0;0;0.0;0;0.0;0;0.0;0;0.0;0;0.0;0;0.0;0;0.0;0;0.0;0;0.0;0;0.0;0;0.0;0;0.0;0;0.0;0;0.0;0;0.0;0;0.0;0;0.0;0;0.0;0;0.0;0;0.0;0;0.0;0;0.0;0;0.0;0;0.0;0;0.0;0;0.0;0;0.0;0;0.0;0;0.0;0;0.0;0;0.0;0;0.0;0;0.0;0;0.0;0;0.0;0;0.0;0;0.0;0;0.0;0;0.0;0;0.0;0;0.0;0;0.0;0;0.0;0;0.0;0;0.0;0;0.0;0;0.0;0;0.0;0;0.0;0;0.0;0;0.0;0;0.0;0;0.0;0;0.0;0;0.0;0;0.0;0;0.0;0;0.0;0;0.0;0;0.0;0;0.0;0;0.0;0;0.0;0;
Arbre;Cucumber Tree;276.0;4;4.0;476;476.0;19;19.0;500;0.0;0;0.0;0;0.0;0;0.0;0;0.0;0;0.0;0;0.0;0;0.0;0;0.0;0;0.0;0;0.0;0;0.0;0;0.0;0;0.0;0;0.0;0;0.0;0;0.0;0;0.0;0;0.0;0;0.0;0;0.0;0;0.0;0;0.0;0;0.0;0;0.0;0;0.0;0;0.0;0;0.0;0;0.0;0;0.0;0;0.0;0;0.0;0;0.0;0;0.0;0;0.0;0;0.0;0;0.0;0;0.0;0;0.0;0;0.0;0;0.0;0;0.0;0;0.0;0;0.0;0;0.0;0;0.0;0;0.0;0;0.0;0;0.0;0;0.0;0;0.0;0;0.0;0;0.0;0;0.0;0;0.0;0;0.0;0;0.0;0;0.0;0;0.0;0;0.0;0;0.0;0;0.0;0;0.0;0;0.0;0;0.0;0;0.0;0;0.0;0;0.0;0;0.0;0;0.0;0;0.0;0;0.0;0;0.0;0;0.0;0;0.0;0;0.0;0;0.0;0;0.0;0;0.0;0;0.0;0;0.0;0;0.0;0;0.0;0;0.0;0;0.0;0;0.0;0;0.0;0;0.0;0;0.0;0;0.0;0;0.0;0;0.0;0;0.0;0;0.0;0;0.0;0;0.0;0;
Arbre;American Elm;279.0;4;4.0;338;338.0;11;11.0;538;0.0;0;0.0;0;0.0;0;0.0;0;0.0;0;0.0;0;0.0;0;0.0;0;0.0;0;0.0;0;0.0;0;0.0;0;0.0;0;0.0;0;0.0;0;0.0;0;0.0;0;0.0;0;0.0;0;0.0;0;0.0;0;0.0;0;0.0;0;0.0;0;0.0;0;0.0;0;0.0;0;0.0;0;0.0;0;0.0;0;0.0;0;0.0;0;0.0;0;0.0;0;0.0;0;0.0;0;0.0;0;0.0;0;0.0;0;0.0;0;0.0;0;0.0;0;0.0;0;0.0;0;0.0;0;0.0;0;0.0;0;0.0;0;0.0;0;0.0;0;0.0;0;0.0;0;0.0;0;0.0;0;0.0;0;0.0;0;0.0;0;0.0;0;0.0;0;0.0;0;0.0;0;0.0;0;0.0;0;0.0;0;0.0;0;0.0;0;0.0;0;0.0;0;0.0;0;0.0;0;0.0;0;0.0;0;0.0;0;0.0;0;0.0;0;0.0;0;0.0;0;0.0;0;0.0;0;0.0;0;0.0;0;0.0;0;0.0;0;0.0;0;0.0;0;0.0;0;0.0;0;0.0;0;0.0;0;0.0;0;0.0;0;0.0;0;0.0;0;0.0;0;0.0;0;0.0;0;
Arbre;Slippery Elm;202.0;3;3.0;303;303.0;19;19.0;537;0.0;0;0.0;0;0.0;0;0.0;0;0.0;0;0.0;0;0.0;0;0.0;0;0.0;0;0.0;0;0.0;0;0.0;0;0.0;0;0.0;0;0.0;0;0.0;0;0.0;0;0.0;0;0.0;0;0.0;0;0.0;0;0.0;0;0.0;0;0.0;0;0.0;0;0.0;0;0.0;0;0.0;0;0.0;0;0.0;0;0.0;0;0.0;0;0.0;0;0.0;0;0.0;0;0.0;0;0.0;0;0.0;0;0.0;0;0.0;0;0.0;0;0.0;0;0.0;0;0.0;0;0.0;0;0.0;0;0.0;0;0.0;0;0.0;0;0.0;0;0.0;0;0.0;0;0.0;0;0.0;0;0.0;0;0.0;0;0.0;0;0.0;0;0.0;0;0.0;0;0.0;0;0.0;0;0.0;0;0.0;0;0.0;0;0.0;0;0.0;0;0.0;0;0.0;0;0.0;0;0.0;0;0.0;0;0.0;0;0.0;0;0.0;0;0.0;0;0.0;0;0.0;0;0.0;0;0.0;0;0.0;0;0.0;0;0.0;0;0.0;0;0.0;0;0.0;0;0.0;0;0.0;0;0.0;0;0.0;0;0.0;0;0.0;0;0.0;0;0.0;0;0.0;0;0.0;0;
Arbre;Balsam Fir;278.0;5;5.0;327;327.0;17;17.0;529;0.0;0;0.0;0;0.0;0;0.0;0;0.0;0;0.0;0;0.0;0;0.0;0;0.0;0;0.0;0;0.0;0;0.0;0;0.0;0;0.0;0;0.0;0;0.0;0;0.0;0;0.0;0;0.0;0;0.0;0;0.0;0;0.0;0;0.0;0;0.0;0;0.0;0;0.0;0;0.0;0;0.0;0;0.0;0;0.0;0;0.0;0;0.0;0;0.0;0;0.0;0;0.0;0;0.0;0;0.0;0;0.0;0;0.0;0;0.0;0;0.0;0;0.0;0;0.0;0;0.0;0;0.0;0;0.0;0;0.0;0;0.0;0;0.0;0;0.0;0;0.0;0;0.0;0;0.0;0;0.0;0;0.0;0;0.0;0;0.0;0;0.0;0;0.0;0;0.0;0;0.0;0;0.0;0;0.0;0;0.0;0;0.0;0;0.0;0;0.0;0;0.0;0;0.0;0;0.0;0;0.0;0;0.0;0;0.0;0;0.0;0;0.0;0;0.0;0;0.0;0;0.0;0;0.0;0;0.0;0;0.0;0;0.0;0;0.0;0;0.0;0;0.0;0;0.0;0;0.0;0;0.0;0;0.0;0;0.0;0;0.0;0;0.0;0;0.0;0;0.0;0;0.0;0;0.0;0;
Arbre;Hawthorn;123.0;0;0.0;426;426.0;18;18.0;509;0.0;0;0.0;0;0.0;0;0.0;0;0.0;0;0.0;0;0.0;0;0.0;0;0.0;0;0.0;0;0.0;0;0.0;0;0.0;0;0.0;0;0.0;0;0.0;0;0.0;0;0.0;0;0.0;0;0.0;0;0.0;0;0.0;0;0.0;0;0.0;0;0.0;0;0.0;0;0.0;0;0.0;0;0.0;0;0.0;0;0.0;0;0.0;0;0.0;0;0.0;0;0.0;0;0.0;0;0.0;0;0.0;0;0.0;0;0.0;0;0.0;0;0.0;0;0.0;0;0.0;0;0.0;0;0.0;0;0.0;0;0.0;0;0.0;0;0.0;0;0.0;0;0.0;0;0.0;0;0.0;0;0.0;0;0.0;0;0.0;0;0.0;0;0.0;0;0.0;0;0.0;0;0.0;0;0.0;0;0.0;0;0.0;0;0.0;0;0.0;0;0.0;0;0.0;0;0.0;0;0.0;0;0.0;0;0.0;0;0.0;0;0.0;0;0.0;0;0.0;0;0.0;0;0.0;0;0.0;0;0.0;0;0.0;0;0.0;0;0.0;0;0.0;0;0.0;0;0.0;0;0.0;0;0.0;0;0.0;0;0.0;0;0.0;0;0.0;0;0.0;0;0.0;0;0.0;0;
Arbre;Eastern Hemlock;235.0;1;1.0;370;370.0;12;12.0;546;0.0;0;0.0;0;0.0;0;0.0;0;0.0;0;0.0;0;0.0;0;0.0;0;0.0;0;0.0;0;0.0;0;0.0;0;0.0;0;0.0;0;0.0;0;0.0;0;0.0;0;0.0;0;0.0;0;0.0;0;0.0;0;0.0;0;0.0;0;0.0;0;0.0;0;0.0;0;0.0;0;0.0;0;0.0;0;0.0;0;0.0;0;0.0;0;0.0;0;0.0;0;0.0;0;0.0;0;0.0;0;0.0;0;0.0;0;0.0;0;0.0;0;0.0;0;0.0;0;0.0;0;0.0;0;0.0;0;0.0;0;0.0;0;0.0;0;0.0;0;0.0;0;0.0;0;0.0;0;0.0;0;0.0;0;0.0;0;0.0;0;0.0;0;0.0;0;0.0;0;0.0;0;0.0;0;0.0;0;0.0;0;0.0;0;0.0;0;0.0;0;0.0;0;0.0;0;0.0;0;0.0;0;0.0;0;0.0;0;0.0;0;0.0;0;0.0;0;0.0;0;0.0;0;0.0;0;0.0;0;0.0;0;0.0;0;0.0;0;0.0;0;0.0;0;0.0;0;0.0;0;0.0;0;0.0;0;0.0;0;0.0;0;0.0;0;0.0;0;0.0;0;0.0;0;0.0;0;
Arbre;Bitternut Hickory;300.0;1;1.0;342;342.0;15;15.0;549;0.0;0;0.0;0;0.0;0;0.0;0;0.0;0;0.0;0;0.0;0;0.0;0;0.0;0;0.0;0;0.0;0;0.0;0;0.0;0;0.0;0;0.0;0;0.0;0;0.0;0;0.0;0;0.0;0;0.0;0;0.0;0;0.0;0;0.0;0;0.0;0;0.0;0;0.0;0;0.0;0;0.0;0;0.0;0;0.0;0;0.0;0;0.0;0;0.0;0;0.0;0;0.0;0;0.0;0;0.0;0;0.0;0;0.0;0;0.0;0;0.0;0;0.0;0;0.0;0;0.0;0;0.0;0;0.0;0;0.0;0;0.0;0;0.0;0;0.0;0;0.0;0;0.0;0;0.0;0;0.0;0;0.0;0;0.0;0;0.0;0;0.0;0;0.0;0;0.0;0;0.0;0;0.0;0;0.0;0;0.0;0;0.0;0;0.0;0;0.0;0;0.0;0;0.0;0;0.0;0;0.0;0;0.0;0;0.0;0;0.0;0;0.0;0;0.0;0;0.0;0;0.0;0;0.0;0;0.0;0;0.0;0;0.0;0;0.0;0;0.0;0;0.0;0;0.0;0;0.0;0;0.0;0;0.0;0;0.0;0;0.0;0;0.0;0;0.0;0;0.0;0;0.0;0;0.0;0;
Arbre;Pignut Hickory;271.0;3;3.0;452;452.0;15;15.0;538;0.0;0;0.0;0;0.0;0;0.0;0;0.0;0;0.0;0;0.0;0;0.0;0;0.0;0;0.0;0;0.0;0;0.0;0;0.0;0;0.0;0;0.0;0;0.0;0;0.0;0;0.0;0;0.0;0;0.0;0;0.0;0;0.0;0;0.0;0;0.0;0;0.0;0;0.0;0;0.0;0;0.0;0;0.0;0;0.0;0;0.0;0;0.0;0;0.0;0;0.0;0;0.0;0;0.0;0;0.0;0;0.0;0;0.0;0;0.0;0;0.0;0;0.0;0;0.0;0;0.0;0;0.0;0;0.0;0;0.0;0;0.0;0;0.0;0;0.0;0;0.0;0;0.0;0;0.0;0;0.0;0;0.0;0;0.0;0;0.0;0;0.0;0;0.0;0;0.0;0;0.0;0;0.0;0;0.0;0;0.0;0;0.0;0;0.0;0;0.0;0;0.0;0;0.0;0;0.0;0;0.0;0;0.0;0;0.0;0;0.0;0;0.0;0;0.0;0;0.0;0;0.0;0;0.0;0;0.0;0;0.0;0;0.0;0;0.0;0;0.0;0;0.0;0;0.0;0;0.0;0;0.0;0;0.0;0;0.0;0;0.0;0;0.0;0;0.0;0;0.0;0;0.0;0;0.0;0;
Arbre;Shagbark Hickory;266.0;3;3.0;484;484.0;20;20.0;535;0.0;0;0.0;0;0.0;0;0.0;0;0.0;0;0.0;0;0.0;0;0.0;0;0.0;0;0.0;0;0.0;0;0.0;0;0.0;0;0.0;0;0.0;0;0.0;0;0.0;0;0.0;0;0.0;0;0.0;0;0.0;0;0.0;0;0.0;0;0.0;0;0.0;0;0.0;0;0.0;0;0.0;0;0.0;0;0.0;0;0.0;0;0.0;0;0.0;0;0.0;0;0.0;0;0.0;0;0.0;0;0.0;0;0.0;0;0.0;0;0.0;0;0.0;0;0.0;0;0.0;0;0.0;0;0.0;0;0.0;0;0.0;0;0.0;0;0.0;0;0.0;0;0.0;0;0.0;0;0.0;0;0.0;0;0.0;0;0.0;0;0.0;0;0.0;0;0.0;0;0.0;0;0.0;0;0.0;0;0.0;0;0.0;0;0.0;0;0.0;0;0.0;0;0.0;0;0.0;0;0.0;0;0.0;0;0.0;0;0.0;0;0.0;0;0.0;0;0.0;0;0.0;0;0.0;0;0.0;0;0.0;0;0.0;0;0.0;0;0.0;0;0.0;0;0.0;0;0.0;0;0.0;0;0.0;0;0.0;0;0.0;0;0.0;0;0.0;0;0.0;0;0.0;0;0.0;0;
Arbre;American Hophornbeam;192.0;3;3.0;338;338.0;10;0.0;0;0.0;0;0.0;0;0.0;0;0.0;0;0.0;0;0.0;0;0.0;0;0.0;0;0.0;0;0.0;0;0.0;0;0.0;0;0.0;0;0.0;0;0.0;0;0.0;0;0.0;0;0.0;0;0.0;0;0.0;0;0.0;0;0.0;0;0.0;0;0.0;0;0.0;0;0.0;0;0.0;0;0.0;0;0.0;0;0.0;0;0.0;0;0.0;0;0.0;0;0.0;0;0.0;0;0.0;0;0.0;0;0.0;0;0.0;0;0.0;0;0.0;0;0.0;0;0.0;0;0.0;0;0.0;0;0.0;0;0.0;0;0.0;0;0.0;0;0.0;0;0.0;0;0.0;0;0.0;0;0.0;0;0.0;0;0.0;0;0.0;0;0.0;0;0.0;0;0.0;0;0.0;0;0.0;0;0.0;0;0.0;0;0.0;0;0.0;0;0.0;0;0.0;0;0.0;0;0.0;0;0.0;0;0.0;0;0.0;0;0.0;0;0.0;0;0.0;0;0.0;0;0.0;0;0.0;0;0.0;0;0.0;0;0.0;0;0.0;0;0.0;0;0.0;0;0.0;0;0.0;0;0.0;0;0.0;0;0.0;0;0.0;0;0.0;0;0.0;0;0.0;0;0.0;0;0.0;0;
Arbre;American Hornbeam;139.0;4;4.0;453;453.0;20;0.0;0;0.0;0;0.0;0;0.0;0;0.0;0;0.0;0;0.0;0;0.0;0;0.0;0;0.0;0;0.0;0;0.0;0;0.0;0;0.0;0;0.0;0;0.0;0;0.0;0;0.0;0;0.0;0;0.0;0;0.0;0;0.0;0;0.0;0;0.0;0;0.0;0;0.0;0;0.0;0;0.0;0;0.0;0;0.0;0;0.0;0;0.0;0;0.0;0;0.0;0;0.0;0;0.0;0;0.0;0;0.0;0;0.0;0;0.0;0;0.0;0;0.0;0;0.0;0;0.0;0;0.0;0;0.0;0;0.0;0;0.0;0;0.0;0;0.0;0;0.0;0;0.0;0;0.0;0;0.0;0;0.0;0;0.0;0;0.0;0;0.0;0;0.0;0;0.0;0;0.0;0;0.0;0;0.0;0;0.0;0;0.0;0;0.0;0;0.0;0;0.0;0;0.0;0;0.0;0;0.0;0;0.0;0;0.0;0;0.0;0;0.0;0;0.0;0;0.0;0;0.0;0;0.0;0;0.0;0;0.0;0;0.0;0;0.0;0;0.0;0;0.0;0;0.0;0;0.0;0;0.0;0;0.0;0;0.0;0;0.0;0;0.0;0;0.0;0;0.0;0;0.0;0;0.0;0;0.0;0;
Arbre;American Larch;207.0;3;3.0;476;476.0;14;0.0;0;0.0;0;0.0;0;0.0;0;0.0;0;0.0;0;0.0;0;0.0;0;0.0;0;0.0;0;0.0;0;0.0;0;0.0;0;0.0;0;0.0;0;0.0;0;0.0;0;0.0;0;0.0;0;0.0;0;0.0;0;0.0;0;0.0;0;0.0;0;0.0;0;0.0;0;0.0;0;0.0;0;0.0;0;0.0;0;0.0;0;0.0;0;0.0;0;0.0;0;0.0;0;0.0;0;0.0;0;0.0;0;0.0;0;0.0;0;0.0;0;0.0;0;0.0;0;0.0;0;0.0;0;0.0;0;0.0;0;0.0;0;0.0;0;0.0;0;0.0;0;0.0;0;0.0;0;0.0;0;0.0;0;0.0;0;0.0;0;0.0;0;0.0;0;0.0;0;0.0;0;0.0;0;0.0;0;0.0;0;0.0;0;0.0;0;0.0;0;0.0;0;0.0;0;0.0;0;0.0;0;0.0;0;0.0;0;0.0;0;0.0;0;0.0;0;0.0;0;0.0;0;0.0;0;0.0;0;0.0;0;0.0;0;0.0;0;0.0;0;0.0;0;0.0;0;0.0;0;0.0;0;0.0;0;0.0;0;0.0;0;0.0;0;0.0;0;0.0;0;0.0;0;0.0;0;0.0;0;
Arbre;Black Locust;124.0;2;2.0;393;393.0;15;0.0;0;0.0;0;0.0;0;0.0;0;0.0;0;0.0;0;0.0;0;0.0;0;0.0;0;0.0;0;0.0;0;0.0;0;0.0;0;0.0;0;0.0;0;0.0;0;0.0;0;0.0;0;0.0;0;0.0;0;0.0;0;0.0;0;0.0;0;0.0;0;0.0;0;0.0;0;0.0;0;0.0;0;0.0;0;0.0;0;0.0;0;0.0;0;0.0;0;0.0;0;0.0;0;0.0;0;0.0;0;0.0;0;0.0;0;0.0;0;0.0;0;0.0;0;0.0;0;0.0;0;0.0;0;0.0;0;0.0;0;0.0;0;0.0;0;0.0;0;0.0;0;0.0;0;0.0;0;0.0;0;0.0;0;0.0;0;0.0;0;0.0;0;0.0;0;0.0;0;0.0;0;0.0;0;0.0;0;0.0;0;0.0;0;0.0;0;0.0;0;0.0;0;0.0;0;0.0;0;0.0;0;0.0;0;0.0;0;0.0;0;0.0;0;0.0;0;0.0;0;0.0;0;0.0;0;0.0;0;0.0;0;0.0;0;0.0;0;0.0;0;0.0;0;0.0;0;0.0;0;0.0;0;0.0;0;0.0;0;0.0;0;0.0;0;0.0;0;0.0;0;0.0;0;0.0;0;0.0;0;
Arbre;Honey-Locust;190.0;4;4.0;324;324.0;16;0.0;0;0.0;0;0.0;0;0.0;0;0.0;0;0.0;0;0.0;0;0.0;0;0.0;0;0.0;0;0.0;0;0.0;0;0.0;0;0.0;0;0.0;0;0.0;0;0.0;0;0.0;0;0.0;0;0.0;0;0.0;0;0.0;0;0.0;0;0.0;0;0.0;0;0.0;0;0.0;0;0.0;0;0.0;0;0.0;0;0.0;0;0.0;0;0.0;0;0.0;0;0.0;0;0.0;0;0.0;0;0.0;0;0.0;0;0.0;0;0.0;0;0.0;0;0.0;0;0.0;0;0.0;0;0.0;0;0.0;0;0.0;0;0.0;0;0.0;0;0.0;0;0.0;0;0.0;0;0.0;0;0.0;0;0.0;0;0.0;0;0.0;0;0.0;0;0.0;0;0.0;0;0.0;0;0.0;0;0.0;0;0.0;0;0.0;0;0.0;0;0.0;0;0.0;0;0.0;0;0.0;0;0.0;0;0.0;0;0.0;0;0.0;0;0.0;0;0.0;0;0.0;0;0.0;0;0.0;0;0.0;0;0.0;0;0.0;0;0.0;0;0.0;0;0.0;0;0.0;0;0.0;0;0.0;0;0.0;0;0.0;0;0.0;0;0.0;0;0.0;0;0.0;0;0.0;0;0.0;0;
Arbre;The Maples;124.0;3;3.0;365;365.0;15;0.0;0;0.0;0;0.0;0;0.0;0;0.0;0;0.0;0;0.0;0;0.0;0;0.0;0;0.0;0;0.0;0;0.0;0;0.0;0;0.0;0;0.0;0;0.0;0;0.0;0;0.0;0;0.0;0;0.0;0;0.0;0;0.0;0;0.0;0;0.0;0;0.0;0;0.0;0;0.0;0;0.0;0;0.0;0;0.0;0;0.0;0;0.0;0;0.0;0;0.0;0;0.0;0;0.0;0;0.0;0;0.0;0;0.0;0;0.0;0;0.0;0;0.0;0;0.0;0;0.0;0;0.0;0;0.0;0;0.0;0;0.0;0;0.0;0;0.0;0;0.0;0;0.0;0;0.0;0;0.0;0;0.0;0;0.0;0;0.0;0;0.0;0;0.0;0;0.0;0;0.0;0;0.0;0;0.0;0;0.0;0;0.0;0;0.0;0;0.0;0;0.0;0;0.0;0;0.0;0;0.0;0;0.0;0;0.0;0;0.0;0;0.0;0;0.0;0;0.0;0;0.0;0;0.0;0;0.0;0;0.0;0;0.0;0;0.0;0;0.0;0;0.0;0;0.0;0;0.0;0;0.0;0;0.0;0;0.0;0;0.0;0;0.0;0;0.0;0;0.0;0;0.0;0;0.0;0;0.0;0;
Arbre;Red Maple;164.0;3;3.0;368;368.0;12;0.0;0;0.0;0;0.0;0;0.0;0;0.0;0;0.0;0;0.0;0;0.0;0;0.0;0;0.0;0;0.0;0;0.0;0;0.0;0;0.0;0;0.0;0;0.0;0;0.0;0;0.0;0;0.0;0;0.0;0;0.0;0;0.0;0;0.0;0;0.0;0;0.0;0;0.0;0;0.0;0;0.0;0;0.0;0;0.0;0;0.0;0;0.0;0;0.0;0;0.0;0;0.0;0;0.0;0;0.0;0;0.0;0;0.0;0;0.0;0;0.0;0;0.0;0;0.0;0;0.0;0;0.0;0;0.0;0;0.0;0;0.0;0;0.0;0;0.0;0;0.0;0;0.0;0;0.0;0;0.0;0;0.0;0;0.0;0;0.0;0;0.0;0;0.0;0;0.0;0;0.0;0;0.0;0;0.0;0;0.0;0;0.0;0;0.0;0;0.0;0;0.0;0;0.0;0;0.0;0;0.0;0;0.0;0;0.0;0;0.0;0;0.0;0;0.0;0;0.0;0;0.0;0;0.0;0;0.0;0;0.0;0;0.0;0;0.0;0;0.0;0;0.0;0;0.0;0;0.0;0;0.0;0;0.0;0;0.0;0;0.0;0;0.0;0;0.0;0;0.0;0;0.0;0;0.0;0;0.0;0;
Arbre;Silver Maple;126.0;1;1.0;405;405.0;15;0.0;0;0.0;0;0.0;0;0.0;0;0.0;0;0.0;0;0.0;0;0.0;0;0.0;0;0.0;0;0.0;0;0.0;0;0.0;0;0.0;0;0.0;0;0.0;0;0.0;0;0.0;0;0.0;0;0.0;0;0.0;0;0.0;0;0.0;0;0.0;0;0.0;0;0.0;0;0.0;0;0.0;0;0.0;0;0.0;0;0.0;0;0.0;0;0.0;0;0.0;0;0.0;0;0.0;0;0.0;0;0.0;0;0.0;0;0.0;0;0.0;0;0.0;0;0.0;0;0.0;0;0.0;0;0.0;0;0.0;0;0.0;0;0.0;0;0.0;0;0.0;0;0.0;0;0.0;0;0.0;0;0.0;0;0.0;0;0.0;0;0.0;0;0.0;0;0.0;0;0.0;0;0.0;0;0.0;0;0.0;0;0.0;0;0.0;0;0.0;0;0.0;0;0.0;0;0.0;0;0.0;0;0.0;0;0.0;0;0.0;0;0.0;0;0.0;0;0.0;0;0.0;0;0.0;0;0.0;0;0.0;0;0.0;0;0.0;0;0.0;0;0.0;0;0.0;0;0.0;0;0.0;0;0.0;0;0.0;0;0.0;0;0.0;0;0.0;0;0.0;0;0.0;0;0.0;0;0.0;0;
Arbre;Sugar Maple;112.0;1;1.0;398;398.0;17;0.0;0;0.0;0;0.0;0;0.0;0;0.0;0;0.0;0;0.0;0;0.0;0;0.0;0;0.0;0;0.0;0;0.0;0;0.0;0;0.0;0;0.0;0;0.0;0;0.0;0;0.0;0;0.0;0;0.0;0;0.0;0;0.0;0;0.0;0;0.0;0;0.0;0;0.0;0;0.0;0;0.0;0;0.0;0;0.0;0;0.0;0;0.0;0;0.0;0;0.0;0;0.0;0;0.0;0;0.0;0;0.0;0;0.0;0;0.0;0;0.0;0;0.0;0;0.0;0;0.0;0;0.0;0;0.0;0;0.0;0;0.0;0;0.0;0;0.0;0;0.0;0;0.0;0;0.0;0;0.0;0;0.0;0;0.0;0;0.0;0;0.0;0;0.0;0;0.0;0;0.0;0;0.0;0;0.0;0;0.0;0;0.0;0;0.0;0;0.0;0;0.0;0;0.0;0;0.0;0;0.0;0;0.0;0;0.0;0;0.0;0;0.0;0;0.0;0;0.0;0;0.0;0;0.0;0;0.0;0;0.0;0;0.0;0;0.0;0;0.0;0;0.0;0;0.0;0;0.0;0;0.0;0;0.0;0;0.0;0;0.0;0;0.0;0;0.0;0;0.0;0;0.0;0;0.0;0;0.0;0;
Arbre;The Oaks;161.0;5;5.0;447;447.0;12;0.0;0;0.0;0;0.0;0;0.0;0;0.0;0;0.0;0;0.0;0;0.0;0;0.0;0;0.0;0;0.0;0;0.0;0;0.0;0;0.0;0;0.0;0;0.0;0;0.0;0;0.0;0;0.0;0;0.0;0;0.0;0;0.0;0;0.0;0;0.0;0;0.0;0;0.0;0;0.0;0;0.0;0;0.0;0;0.0;0;0.0;0;0.0;0;0.0;0;0.0;0;0.0;0;0.0;0;0.0;0;0.0;0;0.0;0;0.0;0;0.0;0;0.0;0;0.0;0;0.0;0;0.0;0;0.0;0;0.0;0;0.0;0;0.0;0;0.0;0;0.0;0;0.0;0;0.0;0;0.0;0;0.0;0;0.0;0;0.0;0;0.0;0;0.0;0;0.0;0;0.0;0;0.0;0;0.0;0;0.0;0;0.0;0;0.0;0;0.0;0;0.0;0;0.0;0;0.0;0;0.0;0;0.0;0;0.0;0;0.0;0;0.0;0;0.0;0;0.0;0;0.0;0;0.0;0;0.0;0;0.0;0;0.0;0;0.0;0;0.0;0;0.0;0;0.0;0;0.0;0;0.0;0;0.0;0;0.0;0;0.0;0;0.0;0;0.0;0;0.0;0;0.0;0;0.0;0;0.0;0;
Arbre;Black Oak;81.0;4;4.0;407;407.0;20;0.0;0;0.0;0;0.0;0;0.0;0;0.0;0;0.0;0;0.0;0;0.0;0;0.0;0;0.0;0;0.0;0;0.0;0;0.0;0;0.0;0;0.0;0;0.0;0;0.0;0;0.0;0;0.0;0;0.0;0;0.0;0;0.0;0;0.0;0;0.0;0;0.0;0;0.0;0;0.0;0;0.0;0;0.0;0;0.0;0;0.0;0;0.0;0;0.0;0;0.0;0;0.0;0;0.0;0;0.0;0;0.0;0;0.0;0;0.0;0;0.0;0;0.0;0;0.0;0;0.0;0;0.0;0;0.0;0;0.0;0;0.0;0;0.0;0;0.0;0;0.0;0;0.0;0;0.0;0;0.0;0;0.0;0;0.0;0;0.0;0;0.0;0;0.0;0;0.0;0;0.0;0;0.0;0;0.0;0;0.0;0;0.0;0;0.0;0;0.0;0;0.0;0;0.0;0;0.0;0;0.0;0;0.0;0;0.0;0;0.0;0;0.0;0;0.0;0;0.0;0;0.0;0;0.0;0;0.0;0;0.0;0;0.0;0;0.0;0;0.0;0;0.0;0;0.0;0;0.0;0;0.0;0;0.0;0;0.0;0;0.0;0;0.0;0;0.0;0;0.0;0;0.0;0;0.0;0;0.0;0;
Arbre;Chestnut Oak;100.0;1;1.0;416;416.0;14;0.0;0;0.0;0;0.0;0;0.0;0;0.0;0;0.0;0;0.0;0;0.0;0;0.0;0;0.0;0;0.0;0;0.0;0;0.0;0;0.0;0;0.0;0;0.0;0;0.0;0;0.0;0;0.0;0;0.0;0;0.0;0;0.0;0;0.0;0;0.0;0;0.0;0;0.0;0;0.0;0;0.0;0;0.0;0;0.0;0;0.0;0;0.0;0;0.0;0;0.0;0;0.0;0;0.0;0;0.0;0;0.0;0;0.0;0;0.0;0;0.0;0;0.0;0;0.0;0;0.0;0;0.0;0;0.0;0;0.0;0;0.0;0;0.0;0;0.0;0;0.0;0;0.0;0;0.0;0;0.0;0;0.0;0;0.0;0;0.0;0;0.0;0;0.0;0;0.0;0;0.0;0;0.0;0;0.0;0;0.0;0;0.0;0;0.0;0;0.0;0;0.0;0;0.0;0;0.0;0;0.0;0;0.0;0;0.0;0;0.0;0;0.0;0;0.0;0;0.0;0;0.0;0;0.0;0;0.0;0;0.0;0;0.0;0;0.0;0;0.0;0;0.0;0;0.0;0;0.0;0;0.0;0;0.0;0;0.0;0;0.0;0;0.0;0;0.0;0;0.0;0;0.0;0;0.0;0;0.0;0;
Arbre;Northern Red Oak;163.0;3;3.0;351;351.0;16;0.0;0;0.0;0;0.0;0;0.0;0;0.0;0;0.0;0;0.0;0;0.0;0;0.0;0;0.0;0;0.0;0;0.0;0;0.0;0;0.0;0;0.0;0;0.0;0;0.0;0;0.0;0;0.0;0;0.0;0;0.0;0;0.0;0;0.0;0;0.0;0;0.0;0;0.0;0;0.0;0;0.0;0;0.0;0;0.0;0;0.0;0;0.0;0;0.0;0;0.0;0;0.0;0;0.0;0;0.0;0;0.0;0;0.0;0;0.0;0;0.0;0;0.0;0;0.0;0;0.0;0;0.0;0;0.0;0;0.0;0;0.0;0;0.0;0;0.0;0;0.0;0;0.0;0;0.0;0;0.0;0;0.0;0;0.0;0;0.0;0;0.0;0;0.0;0;0.0;0;0.0;0;0.0;0;0.0;0;0.0;0;0.0;0;0.0;0;0.0;0;0.0;0;0.0;0;0.0;0;0.0;0;0.0;0;0.0;0;0.0;0;0.0;0;0.0;0;0.0;0;0.0;0;0.0;0;0.0;0;0.0;0;0.0;0;0.0;0;0.0;0;0.0;0;0.0;0;0.0;0;0.0;0;0.0;0;0.0;0;0.0;0;0.0;0;0.0;0;0.0;0;0.0;0;0.0;0;0.0;0;
Arbre;Scarlet Oak;63.0;2;2.0;305;305.0;16;0.0;0;0.0;0;0.0;0;0.0;0;0.0;0;0.0;0;0.0;0;0.0;0;0.0;0;0.0;0;0.0;0;0.0;0;0.0;0;0.0;0;0.0;0;0.0;0;0.0;0;0.0;0;0.0;0;0.0;0;0.0;0;0.0;0;0.0;0;0.0;0;0.0;0;0.0;0;0.0;0;0.0;0;0.0;0;0.0;0;0.0;0;0.0;0;0.0;0;0.0;0;0.0;0;0.0;0;0.0;0;0.0;0;0.0;0;0.0;0;0.0;0;0.0;0;0.0;0;0.0;0;0.0;0;0.0;0;0.0;0;0.0;0;0.0;0;0.0;0;0.0;0;0.0;0;0.0;0;0.0;0;0.0;0;0.0;0;0.0;0;0.0;0;0.0;0;0.0;0;0.0;0;0.0;0;0.0;0;0.0;0;0.0;0;0.0;0;0.0;0;0.0;0;0.0;0;0.0;0;0.0;0;0.0;0;0.0;0;0.0;0;0.0;0;0.0;0;0.0;0;0.0;0;0.0;0;0.0;0;0.0;0;0.0;0;0.0;0;0.0;0;0.0;0;0.0;0;0.0;0;0.0;0;0.0;0;0.0;0;0.0;0;0.0;0;0.0;0;0.0;0;0.0;0;0.0;0;0.0;0;
Arbre;White Oak;240.0;1;1.0;500;500.0;11;0.0;0;0.0;0;0.0;0;0.0;0;0.0;0;0.0;0;0.0;0;0.0;0;0.0;0;0.0;0;0.0;0;0.0;0;0.0;0;0.0;0;0.0;0;0.0;0;0.0;0;0.0;0;0.0;0;0.0;0;0.0;0;0.0;0;0.0;0;0.0;0;0.0;0;0.0;0;0.0;0;0.0;0;0.0;0;0.0;0;0.0;0;0.0;0;0.0;0;0.0;0;0.0;0;0.0;0;0.0;0;0.0;0;0.0;0;0.0;0;0.0;0;0.0;0;0.0;0;0.0;0;0.0;0;0.0;0;0.0;0;0.0;0;0.0;0;0.0;0;0.0;0;0.0;0;0.0;0;0.0;0;0.0;0;0.0;0;0.0;0;0.0;0;0.0;0;0.0;0;0.0;0;0.0;0;0.0;0;0.0;0;0.0;0;0.0;0;0.0;0;0.0;0;0.0;0;0.0;0;0.0;0;0.0;0;0.0;0;0.0;0;0.0;0;0.0;0;0.0;0;0.0;0;0.0;0;0.0;0;0.0;0;0.0;0;0.0;0;0.0;0;0.0;0;0.0;0;0.0;0;0.0;0;0.0;0;0.0;0;0.0;0;0.0;0;0.0;0;0.0;0;0.0;0;0.0;0;0.0;0;
Arbre;Eastern White Pine;83.0;5;5.0;308;308.0;20;0.0;0;0.0;0;0.0;0;0.0;0;0.0;0;0.0;0;0.0;0;0.0;0;0.0;0;0.0;0;0.0;0;0.0;0;0.0;0;0.0;0;0.0;0;0.0;0;0.0;0;0.0;0;0.0;0;0.0;0;0.0;0;0.0;0;0.0;0;0.0;0;0.0;0;0.0;0;0.0;0;0.0;0;0.0;0;0.0;0;0.0;0;0.0;0;0.0;0;0.0;0;0.0;0;0.0;0;0.0;0;0.0;0;0.0;0;0.0;0;0.0;0;0.0;0;0.0;0;0.0;0;0.0;0;0.0;0;0.0;0;0.0;0;0.0;0;0.0;0;0.0;0;0.0;0;0.0;0;0.0;0;0.0;0;0.0;0;0.0;0;0.0;0;0.0;0;0.0;0;0.0;0;0.0;0;0.0;0;0.0;0;0.0;0;0.0;0;0.0;0;0.0;0;0.0;0;0.0;0;0.0;0;0.0;0;0.0;0;0.0;0;0.0;0;0.0;0;0.0;0;0.0;0;0.0;0;0.0;0;0.0;0;0.0;0;0.0;0;0.0;0;0.0;0;0.0;0;0.0;0;0.0;0;0.0;0;0.0;0;0.0;0;0.0;0;0.0;0;0.0;0;0.0;0;0.0;0;0.0;0;
Arbre;Pitch Pine;113.0;3;3.0;403;403.0;16;0.0;0;0.0;0;0.0;0;0.0;0;0.0;0;0.0;0;0.0;0;0.0;0;0.0;0;0.0;0;0.0;0;0.0;0;0.0;0;0.0;0;0.0;0;0.0;0;0.0;0;0.0;0;0.0;0;0.0;0;0.0;0;0.0;0;0.0;0;0.0;0;0.0;0;0.0;0;0.0;0;0.0;0;0.0;0;0.0;0;0.0;0;0.0;0;0.0;0;0.0;0;0.0;0;0.0;0;0.0;0;0.0;0;0.0;0;0.0;0;0.0;0;0.0;0;0.0;0;0.0;0;0.0;0;0.0;0;0.0;0;0.0;0;0.0;0;0.0;0;0.0;0;0.0;0;0.0;0;0.0;0;0.0;0;0.0;0;0.0;0;0.0;0;0.0;0;0.0;0;0.0;0;0.0;0;0.0;0;0.0;0;0.0;0;0.0;0;0.0;0;0.0;0;0.0;0;0.0;0;0.0;0;0.0;0;0.0;0;0.0;0;0.0;0;0.0;0;0.0;0;0.0;0;0.0;0;0.0;0;0.0;0;0.0;0;0.0;0;0.0;0;0.0;0;0.0;0;0.0;0;0.0;0;0.0;0;0.0;0;0.0;0;0.0;0;0.0;0;0.0;0;0.0;0;0.0;0;0.0;0;
Arbre;Red Pine;260.0;1;1.0;327;327.0;19;0.0;0;0.0;0;0.0;0;0.0;0;0.0;0;0.0;0;0.0;0;0.0;0;0.0;0;0.0;0;0.0;0;0.0;0;0.0;0;0.0;0;0.0;0;0.0;0;0.0;0;0.0;0;0.0;0;0.0;0;0.0;0;0.0;0;0.0;0;0.0;0;0.0;0;0.0;0;0.0;0;0.0;0;0.0;0;0.0;0;0.0;0;0.0;0;0.0;0;0.0;0;0.0;0;0.0;0;0.0;0;0.0;0;0.0;0;0.0;0;0.0;0;0.0;0;0.0;0;0.0;0;0.0;0;0.0;0;0.0;0;0.0;0;0.0;0;0.0;0;0.0;0;0.0;0;0.0;0;0.0;0;0.0;0;0.0;0;0.0;0;0.0;0;0.0;0;0.0;0;0.0;0;0.0;0;0.0;0;0.0;0;0.0;0;0.0;0;0.0;0;0.0;0;0.0;0;0.0;0;0.0;0;0.0;0;0.0;0;0.0;0;0.0;0;0.0;0;0.0;0;0.0;0;0.0;0;0.0;0;0.0;0;0.0;0;0.0;0;0.0;0;0.0;0;0.0;0;0.0;0;0.0;0;0.0;0;0.0;0;0.0;0;0.0;0;0.0;0;0.0;0;0.0;0;0.0;0;0.0;0;
Arbre;Eastern Redcedar;193.0;1;1.0;459;459.0;12;0.0;0;0.0;0;0.0;0;0.0;0;0.0;0;0.0;0;0.0;0;0.0;0;0.0;0;0.0;0;0.0;0;0.0;0;0.0;0;0.0;0;0.0;0;0.0;0;0.0;0;0.0;0;0.0;0;0.0;0;0.0;0;0.0;0;0.0;0;0.0;0;0.0;0;0.0;0;0.0;0;0.0;0;0.0;0;0.0;0;0.0;0;0.0;0;0.0;0;0.0;0;0.0;0;0.0;0;0.0;0;0.0;0;0.0;0;0.0;0;0.0;0;0.0;0;0.0;0;0.0;0;0.0;0;0.0;0;0.0;0;0.0;0;0.0;0;0.0;0;0.0;0;0.0;0;0.0;0;0.0;0;0.0;0;0.0;0;0.0;0;0.0;0;0.0;0;0.0;0;0.0;0;0.0;0;0.0;0;0.0;0;0.0;0;0.0;0;0.0;0;0.0;0;0.0;0;0.0;0;0.0;0;0.0;0;0.0;0;0.0;0;0.0;0;0.0;0;0.0;0;0.0;0;0.0;0;0.0;0;0.0;0;0.0;0;0.0;0;0.0;0;0.0;0;0.0;0;0.0;0;0.0;0;0.0;0;0.0;0;0.0;0;0.0;0;0.0;0;0.0;0;0.0;0;0.0;0;0.0;0;
Arbre;Sassafras;104.0;1;1.0;475;475.0;19;0.0;0;0.0;0;0.0;0;0.0;0;0.0;0;0.0;0;0.0;0;0.0;0;0.0;0;0.0;0;0.0;0;0.0;0;0.0;0;0.0;0;0.0;0;0.0;0;0.0;0;0.0;0;0.0;0;0.0;0;0.0;0;0.0;0;0.0;0;0.0;0;0.0;0;0.0;0;0.0;0;0.0;0;0.0;0;0.0;0;0.0;0;0.0;0;0.0;0;0.0;0;0.0;0;0.0;0;0.0;0;0.0;0;0.0;0;0.0;0;0.0;0;0.0;0;0.0;0;0.0;0;0.0;0;0.0;0;0.0;0;0.0;0;0.0;0;0.0;0;0.0;0;0.0;0;0.0;0;0.0;0;0.0;0;0.0;0;0.0;0;0.0;0;0.0;0;0.0;0;0.0;0;0.0;0;0.0;0;0.0;0;0.0;0;0.0;0;0.0;0;0.0;0;0.0;0;0.0;0;0.0;0;0.0;0;0.0;0;0.0;0;0.0;0;0.0;0;0.0;0;0.0;0;0.0;0;0.0;0;0.0;0;0.0;0;0.0;0;0.0;0;0.0;0;0.0;0;0.0;0;0.0;0;0.0;0;0.0;0;0.0;0;0.0;0;0.0;0;0.0;0;0.0;0;0.0;0;0.0;0;
Arbre;Shadbush;139.0;3;3.0;492;492.0;11;0.0;0;0.0;0;0.0;0;0.0;0;0.0;0;0.0;0;0.0;0;0.0;0;0.0;0;0.0;0;0.0;0;0.0;0;0.0;0;0.0;0;0.0;0;0.0;0;0.0;0;0.0;0;0.0;0;0.0;0;0.0;0;0.0;0;0.0;0;0.0;0;0.0;0;0.0;0;0.0;0;0.0;0;0.0;0;0.0;0;0.0;0;0.0;0;0.0;0;0.0;0;0.0;0;0.0;0;0.0;0;0.0;0;0.0;0;0.0;0;0.0;0;0.0;0;0.0;0;0.0;0;0.0;0;0.0;0;0.0;0;0.0;0;0.0;0;0.0;0;0.0;0;0.0;0;0.0;0;0.0;0;0.0;0;0.0;0;0.0;0;0.0;0;0.0;0;0.0;0;0.0;0;0.0;0;0.0;0;0.0;0;0.0;0;0.0;0;0.0;0;0.0;0;0.0;0;0.0;0;0.0;0;0.0;0;0.0;0;0.0;0;0.0;0;0.0;0;0.0;0;0.0;0;0.0;0;0.0;0;0.0;0;0.0;0;0.0;0;0.0;0;0.0;0;0.0;0;0.0;0;0.0;0;0.0;0;0.0;0;0.0;0;0.0;0;0.0;0;0.0;0;0.0;0;0.0;0;0.0;0;
Arbre;Red Spruce;72.0;5;5.0;352;352.0;18;0.0;0;0.0;0;0.0;0;0.0;0;0.0;0;0.0;0;0.0;0;0.0;0;0.0;0;0.0;0;0.0;0;0.0;0;0.0;0;0.0;0;0.0;0;0.0;0;0.0;0;0.0;0;0.0;0;0.0;0;0.0;0;0.0;0;0.0;0;0.0;0;0.0;0;0.0;0;0.0;0;0.0;0;0.0;0;0.0;0;0.0;0;0.0;0;0.0;0;0.0;0;0.0;0;0.0;0;0.0;0;0.0;0;0.0;0;0.0;0;0.0;0;0.0;0;0.0;0;0.0;0;0.0;0;0.0;0;0.0;0;0.0;0;0.0;0;0.0;0;0.0;0;0.0;0;0.0;0;0.0;0;0.0;0;0.0;0;0.0;0;0.0;0;0.0;0;0.0;0;0.0;0;0.0;0;0.0;0;0.0;0;0.0;0;0.0;0;0.0;0;0.0;0;0.0;0;0.0;0;0.0;0;0.0;0;0.0;0;0.0;0;0.0;0;0.0;0;0.0;0;0.0;0;0.0;0;0.0;0;0.0;0;0.0;0;0.0;0;0.0;0;0.0;0;0.0;0;0.0;0;0.0;0;0.0;0;0.0;0;0.0;0;0.0;0;0.0;0;0.0;0;0.0;0;0.0;0;0.0;0;
Arbre;White Spruce;213.0;3;3.0;373;373.0;14;0.0;0;0.0;0;0.0;0;0.0;0;0.0;0;0.0;0;0.0;0;0.0;0;0.0;0;0.0;0;0.0;0;0.0;0;0.0;0;0.0;0;0.0;0;0.0;0;0.0;0;0.0;0;0.0;0;0.0;0;0.0;0;0.0;0;0.0;0;0.0;0;0.0;0;0.0;0;0.0;0;0.0;0;0.0;0;0.0;0;0.0;0;0.0;0;0.0;0;0.0;0;0.0;0;0.0;0;0.0;0;0.0;0;0.0;0;0.0;0;0.0;0;0.0;0;0.0;0;0.0;0;0.0;0;0.0;0;0.0;0;0.0;0;0.0;0;0.0;0;0.0;0;0.0;0;0.0;0;0.0;0;0.0;0;0.0;0;0.0;0;0.0;0;0.0;0;0.0;0;0.0;0;0.0;0;0.0;0;0.0;0;0.0;0;0.0;0;0.0;0;0.0;0;0.0;0;0.0;0;0.0;0;0.0;0;0.0;0;0.0;0;0.0;0;0.0;0;0.0;0;0.0;0;0.0;0;0.0;0;0.0;0;0.0;0;0.0;0;0.0;0;0.0;0;0.0;0;0.0;0;0.0;0;0.0;0;0.0;0;0.0;0;0.0;0;0.0;0;0.0;0;0.0;0;0.0;0;0.0;0;
Arbre;Sycamore;173.0;4;4.0;415;415.0;18;0.0;0;0.0;0;0.0;0;0.0;0;0.0;0;0.0;0;0.0;0;0.0;0;0.0;0;0.0;0;0.0;0;0.0;0;0.0;0;0.0;0;0.0;0;0.0;0;0.0;0;0.0;0;0.0;0;0.0;0;0.0;0;0.0;0;0.0;0;0.0;0;0.0;0;0.0;0;0.0;0;0.0;0;0.0;0;0.0;0;0.0;0;0.0;0;0.0;0;0.0;0;0.0;0;0.0;0;0.0;0;0.0;0;0.0;0;0.0;0;0.0;0;0.0;0;0.0;0;0.0;0;0.0;0;0.0;0;0.0;0;0.0;0;0.0;0;0.0;0;0.0;0;0.0;0;0.0;0;0.0;0;0.0;0;0.0;0;0.0;0;0.0;0;0.0;0;0.0;0;0.0;0;0.0;0;0.0;0;0.0;0;0.0;0;0.0;0;0.0;0;0.0;0;0.0;0;0.0;0;0.0;0;0.0;0;0.0;0;0.0;0;0.0;0;0.0;0;0.0;0;0.0;0;0.0;0;0.0;0;0.0;0;0.0;0;0.0;0;0.0;0;0.0;0;0.0;0;0.0;0;0.0;0;0.0;0;0.0;0;0.0;0;0.0;0;0.0;0;0.0;0;0.0;0;0.0;0;0.0;0;
Arbre;Tulip Tree;276.0;5;5.0;417;417.0;15;0.0;0;0.0;0;0.0;0;0.0;0;0.0;0;0.0;0;0.0;0;0.0;0;0.0;0;0.0;0;0.0;0;0.0;0;0.0;0;0.0;0;0.0;0;0.0;0;0.0;0;0.0;0;0.0;0;0.0;0;0.0;0;0.0;0;0.0;0;0.0;0;0.0;0;0.0;0;0.0;0;0.0;0;0.0;0;0.0;0;0.0;0;0.0;0;0.0;0;0.0;0;0.0;0;0.0;0;0.0;0;0.0;0;0.0;0;0.0;0;0.0;0;0.0;0;0.0;0;0.0;0;0.0;0;0.0;0;0.0;0;0.0;0;0.0;0;0.0;0;0.0;0;0.0;0;0.0;0;0.0;0;0.0;0;0.0;0;0.0;0;0.0;0;0.0;0;0.0;0;0.0;0;0.0;0;0.0;0;0.0;0;0.0;0;0.0;0;0.0;0;0.0;0;0.0;0;0.0;0;0.0;0;0.0;0;0.0;0;0.0;0;0.0;0;0.0;0;0.0;0;0.0;0;0.0;0;0.0;0;0.0;0;0.0;0;0.0;0;0.0;0;0.0;0;0.0;0;0.0;0;0.0;0;0.0;0;0.0;0;0.0;0;0.0;0;0.0;0;0.0;0;0.0;0;0.0;0;0.0;0;

